downloaded	/manus-storage/amd_a073a30a.svg
downloaded	/manus-storage/anton-regular_e68c89ac.ttf
downloaded	/manus-storage/apple_a28847dc.svg
downloaded	/manus-storage/asus-wordmark_ffc2fc33.png
downloaded	/manus-storage/brain-art_622d2f1a.webp
downloaded	/manus-storage/cortex-engraving-brain_16a638bf.png
downloaded	/manus-storage/cortex-engraving-eye_b812e27e.png
downloaded	/manus-storage/cortex-engraving-final_5b8000e4.jpg
downloaded	/manus-storage/cortex-engraving-heart_23dba992.png
downloaded	/manus-storage/cortex-engraving-hermes_a965cb8c.png
downloaded	/manus-storage/cortex-engraving-neural-brain_766a2408.png
downloaded	/manus-storage/cortex-engraving-owl_4913bc7d.png
downloaded	/manus-storage/cortex-engraving-vine_04bb9d28.png
downloaded	/manus-storage/cortex-final-infrastructure-cool-duotone_c768f1d9.png
downloaded	/manus-storage/cortex-final-infrastructure_9bd811bd.jpg
downloaded	/manus-storage/cortex-handdrawn-hero-10s_f3f9d824.mp4
downloaded	/manus-storage/cortex-mark_1f0b9bca.png
downloaded	/manus-storage/cortex-node-network-white-black_78d061bb.png
downloaded	/manus-storage/cortex-one-pager-2026-olive_5f1afc2b.pdf
downloaded	/manus-storage/cortex-values-clasped-hands-duotone_9a59524e.png
downloaded	/manus-storage/eye-art_0af5cdb4.webp
downloaded	/manus-storage/fig-channels_7250efe6.webp
downloaded	/manus-storage/fig-confidence_f67343f5.webp
downloaded	/manus-storage/fig-freshness_f4978533.webp
downloaded	/manus-storage/fig-provenance_0b482cc5.webp
downloaded	/manus-storage/fig-slack_12cd8595.webp
downloaded	/manus-storage/nvidia_0719afb4.svg
downloaded	/manus-storage/pointing-hand-engraving_74b4fc2d.jpg
downloaded	/manus-storage/soul-art_de262edc.webp
